class_name,train,val,calibration,test
Apple___Apple_scab,441,63,63,63
Apple___Black_rot,435,62,62,62
Apple___Cedar_apple_rust,193,27,27,28
Apple___healthy,1152,164,164,165
Blueberry___healthy,1051,151,150,150
Cherry_(including_sour)___Powdery_mildew,736,106,105,105
Cherry_(including_sour)___healthy,598,85,86,85
Corn_(maize)___Cercospora_leaf_spot Gray_leaf_spot,359,51,52,51
Corn_(maize)___Common_rust_,834,120,119,119
Corn_(maize)___Northern_Leaf_Blight,690,98,98,99
Corn_(maize)___healthy,813,117,116,116
Grape___Black_rot,826,118,118,118
Grape___Esca_(Black_Measles),968,138,139,138
Grape___Leaf_blight_(Isariopsis_Leaf_Spot),753,108,107,108
Grape___healthy,296,42,43,42
Orange___Haunglongbing_(Citrus_greening),3855,551,550,551
Peach___Bacterial_spot,1608,230,229,230
Peach___healthy,252,36,36,36
"Pepper,_bell___Bacterial_spot",698,100,99,100
"Pepper,_bell___healthy",1035,147,148,148
Potato___Early_blight,700,100,100,100
Potato___Late_blight,700,100,100,100
Potato___healthy,106,16,15,15
Raspberry___healthy,260,37,37,37
Soybean___healthy,3563,509,509,509
Squash___Powdery_mildew,1285,183,183,184
Strawberry___Leaf_scorch,776,111,111,111
Strawberry___healthy,319,46,45,46
Tomato___Bacterial_spot,1489,213,212,213
Tomato___Early_blight,700,100,100,100
Tomato___Late_blight,1336,191,191,191
Tomato___Leaf_Mold,666,96,95,95
Tomato___Septoria_leaf_spot,1240,177,177,177
Tomato___Spider_mites Two-spotted_spider_mite,1173,168,167,168
Tomato___Target_Spot,983,140,141,140
Tomato___Tomato_Yellow_Leaf_Curl_Virus,3750,536,535,536
Tomato___Tomato_mosaic_virus,261,37,38,37
Tomato___healthy,1114,159,159,159
