feature,impurity_importance,permutation_importance_pr_auc,permutation_std
stability_mean_pred_prob,0.19904886584497464,0.1039234703191563,0.004123684133072878
stability_min_pred_prob,0.09996763270696897,0.06849528599357171,0.0031013998374267663
noise_sigma,0.03657307018680134,0.031805552976082695,0.002198214941289847
entropy_norm,0.1523311316761737,0.02236637927547558,0.0022958846091909583
top3_mass,0.0465755432989659,0.017921844284819178,0.0016954273694752906
sharpness_log_lapvar,0.029788646942195317,0.016898650654564352,0.0011372730863876196
max_prob,0.1077817242262543,0.010251599902887465,0.0015046971838644614
stability_mean_l1_shift,0.09029935619469866,0.010154256518989557,0.000941343827822724
stability_agree_frac,0.03629317262419911,0.007900730124758226,0.000877210345420223
stability_std_pred_prob,0.027869153753496988,0.007134186927791886,0.0010822700868670203
margin_top1_top2,0.09269832781449293,0.00678724406659863,0.0011924814968696546
stability_n_distinct,0.024001076165003906,0.004919601113178085,0.0015122856004845045
brightness,0.019177457636124284,0.003835225892554428,0.0004928546961555639
saturation,0.018816700690956117,0.003329339116008234,0.0010061726378334044
contrast,0.01877814023869367,0.003264352503858192,0.0007549917408947664
aspect_ratio,0.0,0.0,0.0
original_min_side,0.0,0.0,0.0
