family,severity,value,images,accuracy,macro_f1,prediction_change_rate,mean_confidence,inference_ms_per_pass
brightness_high,1,1.3,5432,0.9959499263622975,0.9927443223006367,0.002025036818851252,0.9963814685332406,11.87411267700173
brightness_high,2,1.6,5432,0.980301914580265,0.9757886083432212,0.018409425625920472,0.9825704794031443,11.87411267700173
brightness_high,3,2.0,5432,0.9162371134020618,0.898219621943085,0.08265832106038291,0.9295086619678736,11.87411267700173
brightness_low,1,0.7,5432,0.9966863033873343,0.9949767764194991,0.0023932253313696614,0.9971236109909147,11.87411267700173
brightness_low,2,0.5,5432,0.9893225331369662,0.9858124538226627,0.00975699558173785,0.9909842389639857,11.87411267700173
brightness_low,3,0.3,5432,0.9432989690721649,0.9324290088363579,0.05522827687776141,0.9483804008038783,11.87411267700173
clean,0,0.0,5432,0.9979749631811488,0.9960923282716311,0.0,0.9984856186124643,11.87411267700173
gaussian_blur,1,1.0,5432,0.9858247422680413,0.9838994755048581,0.014175257731958763,0.9876810425840351,11.87411267700173
gaussian_blur,2,2.0,5432,0.8427835051546392,0.8312165176882548,0.15721649484536082,0.9170190041009694,11.87411267700173
gaussian_blur,3,3.0,5432,0.5254050073637703,0.4039555567040627,0.4742268041237113,0.7988593375285613,11.87411267700173
gaussian_noise,1,0.05,5432,0.8280559646539027,0.8043657433254757,0.1713917525773196,0.8939186031031745,11.87411267700173
gaussian_noise,2,0.1,5432,0.20526509572901325,0.11027975172548288,0.7947349042709867,0.4517561570646595,11.87411267700173
gaussian_noise,3,0.2,5432,0.02153902798232695,0.0021923600046974997,0.978460972017673,0.15807205692224408,11.87411267700173
jpeg_compression,1,30.0,5432,0.9952135493372607,0.9931752497736409,0.003865979381443299,0.9948680965731878,11.87411267700173
jpeg_compression,2,15.0,5432,0.9611561119293078,0.9535462220012991,0.03810751104565538,0.9689901258483726,11.87411267700173
jpeg_compression,3,5.0,5432,0.41365979381443296,0.3679197315293196,0.5861561119293078,0.7115430551771739,11.87411267700173
low_resolution,1,0.5,5432,0.9653902798232695,0.9638369631667861,0.03460972017673049,0.9761287224518796,11.87411267700173
low_resolution,2,0.25,5432,0.7634388807069219,0.7430740460745295,0.23600883652430044,0.8909325292292812,11.87411267700173
low_resolution,3,0.125,5432,0.29510309278350516,0.1880843711332576,0.7048969072164949,0.7219173755148351,11.87411267700173
